Name,Address,Zipcode,County,Latitude,Longitude,Description,Highlight,WiFi,Secured,Outlets,HotFood,Restroom,Seats,TimeRestriction,RestrictionAmount,ScoutName
787 Coffee,"2430 Third Ave, Bronx, NY 10451",10451,Bronx,40.815625,-73.934533,"Good amount of outlets and community vibes, chill space to get work done",FALSE,YES,NO,YES,NO,YES,Some,FALSE,NO,Denisse
Artizen Cafe,"3700 Riverdale Ave, Bronx, NY 10463",10463,Bronx,40.874212,-73.913033,"Artizen Cafe combines creative energy with a comfortable workspace environment, making it a favorite for local freelancers and remote workers. The interior features artistic touches and plenty of cozy spots to settle in with a laptop. Alongside smooth specialty coffee, they offer a rotating selection of fresh pastries and light bites.",FALSE,YES,YES,YES,,YES,Ample,TRUE,VARIES BUT PAID - VIEW WEBSITE,Orlando
Boogie Down Grind,"868 Hunts Point Ave, Bronx, NY 10474",10474,Bronx,40.812787,-73.895233,"The Boogie Down Grind is a hip-hop culture-themed oasis in the South Bronx that brings the community together through art, music, and great drinks. Locally owned and operated, it serves a fantastic mix of espresso drinks, baked goods, and savory sandwiches. It also features award-winning outdoor seating alongside its vibrant indoor lounge space.",FALSE,YES,NO,YES,YES,YES,Ample,FALSE,NO,Orlando
Finjan Cafe,"716 Morris Park Ave, Bronx, NY 10462",10462,Bronx,40.845012,-73.875883,"Ginjan Cafe is a vibrant community-centric space celebrated for its African-inspired specialty drinks, most notably its signature ginger beverages. The warm, earthy decor and energetic vibe create an immediately welcoming environment for anyone looking to work or socialize. It stands out as a culturally rich hub with delicious, health-conscious menu options.",FALSE,YES,NO,YES,YES,YES,Ample,FALSE,,Denisse
Front River Cafe,"2385 Third Ave, Bronx, NY 10451",10451,Bronx,40.809925,-73.934533,,FALSE,,,,,,,FALSE,,
Greka By Montuno Coffee Inc,"15 Canal Pl, Bronx, NY 10451",10451,Bronx,40.816325,-73.934483,,FALSE,,,,,,,FALSE,,
Greystone Coffee,"5812 Mosholu Ave, Bronx, NY 10463",10463,Bronx,40.877125,-73.91255,,FALSE,,,,,,,FALSE,,
KYAN Cafe,"689 Morris Park Ave, Bronx, NY 10462",10462,Bronx,40.848212,-73.875467,"WiFi (ask for it), fair amount of seating but crowded but no outlet or restroom",FALSE,YES,NO,NO,NO,NO,Many,FALSE,,Denisse
Kofee,"2425 Third Ave, Bronx, NY 10451",10451,Bronx,40.812775,-73.935067,"Koffee (Brooklyn) is an amazing local small business featuring strong, tasty drinks and great food in a work-friendly atmosphere. It offers a cozy, highly welcoming environment with varied seating, including front booth options. The Brooklyn location charms with its intimate setup, while its sister spot in the Bronx offers even more room to settle in.",FALSE,YES,YES,YES,YES,YES,Some,FALSE,NO,Sayraliz
Mon Amour Coffee & Wine,"234 W 238th St, Bronx, NY 10463",10463,Bronx,40.883187,-73.912883,"Mon Amour Cafe is a hidden gem in the upper Bronx with a welcoming community and space, cozy but homey with great food, drinks and hospitality. Happy hour later in the evening, great for productive work days and an unwinding after all in the same spot.",FALSE,YES,YES,YES,YES,YES,Many,FALSE,NO,Denisse
Moss Cafe,"3260 Johnson Ave, Bronx, NY 10463",10463,Bronx,40.88285,-73.912617,,FALSE,,,,,,,FALSE,,
Mottley Kitchen,"402 E 140th St, Bronx, NY 10454",10454,Bronx,40.800213,-73.92695,"Mottley Kitchen is a cozy local cafe and restaurant located in the South Bronx featuring exposed white brick and warm wooden accents. It serves a delicious variety of coffee, pastries, and healthy breakfast and lunch options including vegetarian and vegan choices. It also boasts a wonderful outdoor rooftop space with neighborhood views.",FALSE,YES,YES,YES,YES,YES,Many,FALSE,NO,Denisse
Nefer Bookcafe,"694 E 241st St, Bronx, NY 10470",10470,Bronx,40.9008,-73.87365,"Nefer Bookcafe is a peaceful and unique cultural sanctuary that blends the love of literature with a cozy coffeehouse experience. Surrounded by curated bookshelves, it provides a quiet atmosphere ideal for reading, focused work, or intimate conversation. It offers a warm selection of hot drinks and light bites in a uniquely intellectual setting.",FALSE,YES,YES,YES,NO,YES,Ample,FALSE,NO,Orlando
Prince Coffee House,"2306 Arthur Ave, Bronx, NY 10458",10458,Bronx,40.85305,-73.897017,"Avenue Coffee House features a unique layout with a window-front view that transitions into a cement-based back area, accented by wood seating and background music for a cozy vibe. Flooded with tons of natural sunlight, it offers both wall and hand-held menus to browse. It is a fantastic destination known for its great coffee drinks and impressive food menu.",FALSE,YES,NO,YES,YES,YES,Ample,FALSE,NO,Denisse
Savor Coffee and More,"3725 Riverdale Ave, Bronx, NY 10463",10463,Bronx,40.884338,-73.912367,"Savor Coffee and More is a welcoming neighborhood haven known for its comforting atmosphere and reliable productivity space. It features a great selection of classic coffee drinks, teas, and delicious baked goods to fuel a long work session. The friendly service and cozy seating make it a go-to local spot for getting things done.",FALSE,YES,YES,YES,YES,YES,Ample,TRUE,Only permitted to stay with purchase,Orlando
Sheza Coffee House,"6050 Riverdale Ave, Bronx, NY 10471",10471,Bronx,40.8995,-73.919783,,FALSE,,,,,,,FALSE,,
The Clubhouse Cafe,"812 River Ave, Bronx, NY 10451",10451,Bronx,40.813437,-73.934717,"The Clubhouse Cafe is a family-friendly spot that features beautiful decor, relaxed vibes, and full-bodied coffee paired with pastries from Mottley Kitchen. It offers a quiet, safe environment to focus on work or catch up with friends while watching sports or listening to chill music. All proceeds directly support youth programs through the South Bronx United nonprofit.",FALSE,YES,YES,YES,NO,YES,Many,FALSE,,Denisse
The Way Cafe,"1015 Castle Hill Ave, Bronx, NY 10472",10472,Bronx,40.831437,-73.8763,"Great cafe with coffee, different drinks other than coffee and hot food",FALSE,YES,NO,YES,YES,YES,Many,FALSE,,Denisse
ARVACI Coffee East,152 East 33rd Street,,Manhattan,40.7453177,-73.9795286,"ARVACI Coffee is a contemporary neighborhood hotspot featuring sleek aesthetics and a serious dedication to the craft of coffee. The streamlined interior design offers a comfortable setup for individuals looking to plug in and focus. With smooth specialty drinks and a quiet ambiance, it stands out as an exceptional local workspace.",FALSE,YES,YES,YES,NO,YES,Some,FALSE,NO,Denisse
Arra Cafe,"333 E 23rd St, New York, NY 10010",10010,Manhattan,40.744212,-73.992167,"Super work from home friendly and kind owner. Free WiFi, outlets, etc. also food options! Unique seating layout, tons of seats outdoors with a cover and cozy seating inside",FALSE,YES,NO,YES,YES,YES,Ample,FALSE,NO,Denisse
Asano,"322 East 86th St, New York, NY 10028",10028,Manhattan,40.781137,-73.960783,,FALSE,,,,,,,FALSE,,
Bird & Branch Coffee Roasters,"359 W 45th St, New York, NY 10036",10036,Manhattan,40.759912,-73.997867,,FALSE,,,,,,,FALSE,,
Bunny&Bro Coffee,"20 W 43rd St, New York, NY 10036",10036,Manhattan,40.75555,-73.997317,,FALSE,,,,,,,FALSE,,
COPPA,"21 E 27th St, New York, NY 10016",10016,Manhattan,40.750763,-73.986367,,FALSE,,,,,,,FALSE,,
Cafe 346,"346 Madison Ave, New York, NY 10017",10017,Manhattan,40.74875,-73.98245,,FALSE,,,,,,,FALSE,,
Cafe Aroma,"502 9th Ave, New York, NY 10018",10018,Manhattan,40.758563,-74.000883,,FALSE,YES,NO,YES,NO,YES,Many,FALSE,,Denisse
Cafe Aviva,"559 Main St, New York, NY 10044",10044,Manhattan,40.76035,-73.957633,,FALSE,,,,,,,FALSE,,
Cafe One,"1619 Amsterdam Ave, New York, NY 10031",10031,Manhattan,40.8236,-73.9503,"It’s a cozy cafe yet very small , an it’s mostly a grab and go spot but they have many variety in foods and beverages",FALSE,YES,YES,NO,YES,NO,Few,FALSE,YES,Mellanie
Caffe Aronne,"976A Lexington Ave, New York, NY 10021",10021,Manhattan,40.772525,-73.967133,"Cozy place to get work done, clean restrooms, simple and minimalist cafe to get some work done or socialize",FALSE,YES,YES,YES,YES,YES,Few,FALSE,NO,Denisse
Carmela Coffee - West Village,"Carmela Coffee - West Village, Manhattan",,Manhattan,40.7831,-73.9712,,FALSE,,,,,,,FALSE,,
Carmela Coffee - West Village,12 5th Avenue,,Manhattan,40.7324978,-73.9965769,,FALSE,,,,,,,FALSE,,
Common Good Harlem,"2801 Frederick Douglass Blvd, New York, NY 10039",10039,Manhattan,40.82835,-73.94585,"Common Good Harlem is a community-focused neighborhood anchor designed to bring people together over exceptional coffee and food. The spacious interior boasts a welcoming layout with plenty of room to work, collaborate, or simply enjoy a quiet moment. Its strong community spirit and comfortable ambiance make it an essential uptown workspace.",FALSE,YES,NO,YES,YES,YES,Ample,FALSE,,Denisse
Coppa,1133 Broadway,,Manhattan,40.7436474,-73.9890033,,FALSE,,,,,,,FALSE,,
Culture Espresso,"247 W 36th St, New York, NY 10018",10018,Manhattan,40.757313,-74.001383,"Culture Espresso is widely considered one of the best in New York and even won a ""Best in North America"" cookie-off, beating out heavyweights like Levain from Upper West Side, very cozy and welcoming cafe with tastry sweet treats worth the commute.",FALSE,NO,YES,NO,YES,NO,Some,FALSE,NO,Christopher
Culture Espresso,301 West 33rd Street,,Manhattan,40.7520746,-73.9944934,"Culture Espresso is widely considered one of the best in New York and even won a ""Best in North America"" cookie-off, beating out heavyweights like Levain from Upper West Side, very cozy and welcoming cafe with tastry sweet treats worth the commute.",FALSE,NO,YES,NO,YES,NO,Some,FALSE,NO,Christopher
Dots Cafe,"515 W 52nd St, New York, NY 10019",10019,Manhattan,40.768725,-73.995517,,FALSE,,,,,,,FALSE,,
El Barrista Cafe,"2154 3rd Ave, New York, NY 10035",10035,Manhattan,40.799575,-73.942283,"Cozy but welcoming cafe to get work done, more seating towards the back",FALSE,YES,YES,YES,YES,YES,Few,FALSE,,Denisse
Ellas Cafe Espresso & Wine Bar,"1465 2nd Ave, New York, NY 10075",10075,Manhattan,40.765575,-73.9616,,FALSE,,,,,,,FALSE,,
Featuring The Cafe,"236 W 135th St, New York, NY 10030",10030,Manhattan,40.819075,-73.950317,"Featuring the cafe is ran by a married couple, very family and community oriented, known for their delicious food and housemade syrups, space is limited but still cozy and welcoming!",FALSE,NO,NO,YES,YES,NO,Few,TRUE,Early close,Mellanie
Frenchy Coffee NYC,"129E E 102nd St, New York, NY 10029",10029,Manhattan,40.791762,-73.951833,,FALSE,,,,,,,FALSE,,
Frisson Espresso,"326 W 47th St, New York, NY 10036",10036,Manhattan,40.76345,-73.997367,,FALSE,,,,,,,FALSE,,
Gemina Coffee Shop,"424 E 14th St, New York, NY 10009",10009,Manhattan,40.727875,-73.986717,"Gemina Coffee Shop offers a refined yet cozy environment tailored for both productivity and leisurely catch-ups. The interior is tastefully decorated, providing ample natural light and comfortable nooks to settle in with a project. Their drink menu features expertly balanced specialty lattes and classic favorites.",FALSE,YES,YES,YES,YES,YES,Some,TRUE,No laptops on weekend,Denisse
Gemina Coffee Shop,424 East 14th Street,,Manhattan,40.7306295,-73.9815209,"Gemina Coffee Shop offers a refined yet cozy environment tailored for both productivity and leisurely catch-ups. The interior is tastefully decorated, providing ample natural light and comfortable nooks to settle in with a project. Their drink menu features expertly balanced specialty lattes and classic favorites.",FALSE,YES,YES,YES,YES,YES,Some,TRUE,No laptops on weekend,Denisse
Ginjan Cafe,81 East 125th Street,,Manhattan,40.8053795,-73.9392196,"Ginjan Cafe is a vibrant community-centric space celebrated for its African-inspired specialty drinks, most notably its signature ginger beverages. The warm, earthy decor and energetic vibe create an immediately welcoming environment for anyone looking to work or socialize. It stands out as a culturally rich hub with delicious, health-conscious menu options.",FALSE,YES,NO,YES,YES,YES,Many,FALSE,NO,Mellanie
Gold Coffee,"491 3rd Ave, New York, NY 10016",10016,Manhattan,40.751112,-73.986217,"Gold Coffee is a sleek and inviting neighborhood spot that delivers high-quality brews in a polished setting. It features a clean, minimalist aesthetic with comfortable seating areas tailored for focused laptop sessions. Friendly baristas and a steady stream of delicious espresso drinks make it a reliable daytime workspace.",FALSE,YES,NO,YES,YES,NO,Some,FALSE,NO,Denisse
Gotham Cafe,"1298 2nd Ave, New York, NY 10065",10065,Manhattan,40.75795,-73.970983,,FALSE,,,,,,,FALSE,,
King's Street Coffee,"121 W 30th St, New York, NY 10001",10001,Manhattan,40.7515,-74.004817,,FALSE,,,,,,,FALSE,,
Kona Coffee Roasters Midtown,"100 Park Ave, New York, NY 10017",10017,Manhattan,40.758925,-73.982233,,FALSE,,,,,,,FALSE,,
Kona Coffee Roasters | Midtown,152 East 33rd Street,,Manhattan,40.7453177,-73.9795286,"This is one of their 3 locations in the city. It is very close to Grand Central Terminal, which makes it very convenient for them. The other two are located in Chelsea and East Village.",FALSE,YES,NO,YES,YES,YES,Ample,FALSE,NO,Christopher
Kuro Kirin Espresso & Coffee,"4795 Broadway, New York, NY 10034",10034,Manhattan,40.862063,-73.928167,,FALSE,,,,,,,FALSE,,
L'avion Cafe,"338 E 92nd St, New York, NY 10128",10128,Manhattan,40.778962,-73.95695,,FALSE,,,,,,,FALSE,,
La Bomboniera,"1378 Lexington Ave, New York, NY 10128",10128,Manhattan,40.779987,-73.9576,,FALSE,,,,,,,FALSE,,
Le Cafe Coffee,"1440 Broadway, New York, NY 10018",10018,Manhattan,40.750538,-74.001633,,FALSE,,,,,,,FALSE,,
Le Phin,"259 E 10th St, New York, NY 10009",10009,Manhattan,40.723663,-73.986717,,FALSE,,,,,,,FALSE,,
Le Phin,"Le Phin, Manhattan",,Manhattan,40.7831,-73.9712,,FALSE,,,,,,,FALSE,,
Lucilles Coffee and Cocktails,"26 Macombs Pl, New York, NY 10039",10039,Manhattan,40.823538,-73.945617,,FALSE,,,,,,,FALSE,,
Lê Phin,"259 E 10th St, New York, NY 10009",10009,Manhattan,40.7831,-73.9712,"Lê Phin is a cultural gem that introduces traditional Vietnamese drip coffee methods to a modern, stylish cafe setting. The interior features warm wood accents and an inviting ambiance that encourages guests to slow down and savor their brew. It provides a culturally rich backdrop that is fantastic for creative brainstorming and relaxed work sessions.",FALSE,,,,,,,,,
Malta Coffee,"1045 Lexington Ave, New York, NY 10021",10021,Manhattan,40.76385,-73.967133,Great atmosphere with fun drinks and comfy seating,FALSE,NO,NO,YES,YES,NO,Many,FALSE,NO,Denisse
Manhattanville Coffee,"142 Edgecombe Ave, New York, NY 10030",10030,Manhattan,40.7831,-73.9712,,FALSE,,,,,,,FALSE,,
Mellow Yellow,"1729 1st Ave, New York, NY 10128",10128,Manhattan,40.774612,-73.957133,,FALSE,,,,,,,FALSE,,
Mon Amour Inwood,"231A Dyckman St, New York, NY 10034",10034,Manhattan,40.86975,-73.9274,"Cozy cafe but tons of sunlight, simplistic yet woodsy inviting environment next to a park. Decent drinks. Not many outlets mostly across from the booth maybe 2-3 at most. Bathroom in back. Wifi confirmed at WPA3 Personal.",FALSE,YES,YES,YES,YES,YES,Some,FALSE,NO,Denisse
Moshava Coffee,"47 W 8th St, New York, NY 10011",10011,Manhattan,40.738537,-74.00845,,FALSE,,,,,,,FALSE,,
Mushtari Coffee Shop,"34 W 126th St, New York, NY 10027",10027,Manhattan,40.8079,-73.96155,,FALSE,,,,,,,FALSE,,
NBHD Brulee,"2620 Frederick Douglass Blvd, New York, NY 10030",10030,Manhattan,40.813338,-73.950167,"When you walk in, it doesn’t have that sterile, ultra-modern coffee shop vibe. Instead, it’s warm, nostalgic, and full of personality. The décor leans heavily into Harlem’s history and culture, with vintage touches, artwork, historical photos, and cultural icons throughout the space. The owners intentionally designed it to reflect neighborhood, community, and Harlem’s past and present.",FALSE,YES,NO,YES,YES,YES,Some,FALSE,NO,Mellanie
PROOF Coffee Roasters,"2286 Adam Clayton Powell Jr Blvd, New York, NY 10030",10030,Manhattan,40.82325,-73.949867,,FALSE,,,,,,,FALSE,,
Paper Coffee,"44 W 29th St, New York, NY 10001",10001,Manhattan,40.74215,-74.004117,"Pay attention to any spaces that might not be laptop friendly but overall is welcomed, no public wifi though but great place to work from home with tons of outlets and seating, beautiful space",FALSE,NO,NO,YES,YES,YES,Ample,FALSE,,Denisse
Plowshares Coffee Roasters,"1351 Amsterdam Ave, New York, NY 10027",10027,Manhattan,40.809025,-73.961817,"a very cozy, community-centered aesthetic that feels like a blend of a modern café, a neighborhood living room, and an artist’s workspace.",FALSE,YES,YES,YES,NO,YES,Ample,FALSE,YES,Denisse
Purple Waves,"285 W 110th St, New York, NY 10026",10026,Manhattan,40.801012,-73.9608,,FALSE,,,,,,,FALSE,,
Rex,"864 10th Ave, New York, NY 10019",10019,Manhattan,40.767212,-73.99575,"Rex is a stylish neighborhood staple that blends effortless cool with a deeply welcoming community atmosphere. The space is thoughtfully designed with comfortable seating options that accommodate laptop users and casual conversationalists alike. Paired with stellar espresso and friendly service, it anchors the local cafe scene.",FALSE,,,,,,,,,
SEALD Cafe,"312 E 9th St, New York, NY 10003",10003,Manhattan,40.732662,-73.996667,,FALSE,,,,,,,FALSE,,
Slate Cafe Midtown,"941 2nd Ave, New York, NY 10022",10022,Manhattan,40.757438,-73.974117,"Nice place to get some work done plenty of seating. Good drinks, friendly staff, WiFi, Restroom, but no outlets.",FALSE,NO,NO,NO,YES,NO,Ample,FALSE,NO,Denisse
Sote Coffee Roaster,"329 Amsterdam Ave, New York, NY 10023",10023,Manhattan,40.781475,-73.99095,,FALSE,,,,,,,FALSE,,
Spitfire Cheese & Sundry,"927 8th Ave, New York, NY 10019",10019,Manhattan,40.762163,-73.9957,More of a socializing cafe can get busy and noisy quickly but good to get some quick work done unless you dont mind the noise,FALSE,NO,NO,YES,YES,NO,Some,FALSE,,Denisse
St Kilda Coffee,"374 W 46th St, New York, NY 10036",10036,Manhattan,40.757287,-73.997233,,FALSE,,,,,,,FALSE,,
Sweet Moment,"106 Mott St, New York, NY 10013",10013,Manhattan,40.725062,-74.01195,"Sweet Moment is a playful, highly photogenic cafe famous for its whimsical specialty drinks and iconic cream art treats. The bright and cheerful interior creates a lighthearted atmosphere that is wonderful for casual socializing or creative planning. It serves up a uniquely fun experience alongside comforting beverages.",FALSE,YES,NO,YES,YES,YES,Many,TRUE,No laptops weekends,Denisse
Telegraphe Cafe,"107 W 18th St, New York, NY 10011",10011,Manhattan,40.743437,-74.007833,"Dedicated space on the side of the cozy cafe dedicated to laptop work with outlets, hot food avaliable but limited space.",FALSE,YES,NO,YES,YES,YES,Few,TRUE,Limited seating,Denisse
Ten Thousand Coffee,"750 3rd Ave, New York, NY 10017",10017,Manhattan,40.753662,-73.982417,"Chill and minimal cafe, great spot for meetings when not overcrowded, fun drinks and desserts. Clean restroom, great service and inviting atmosphere",FALSE,YES,NO,YES,NO,YES,Many,FALSE,NO,Denisse
The Monkey Cup,"1965 Adam Clayton Powell Jr Blvd, New York, NY 10026",10026,Manhattan,40.801125,-73.96055,There is no wifi you will have to hotspot for this cafe but otherwise a great environment to get work doneThe Monkey Cup is a charming and vibrant coffee shop known for its playful branding and welcoming atmosphere. It offers a cozy interior with great seating options that easily accommodate remote workers and casual meetups. Patrons can enjoy deeply flavorful coffee blends paired with a delicious assortment of fresh pastries.,FALSE,NO,NO,YES,YES,YES,Many,FALSE,,Denisse
The Station Cafe,"623 2nd Ave, New York, NY 10016",10016,Manhattan,40.750737,-73.986783,"90 minutes time limit, has cafe WiFi you can use though but no outlets",FALSE,NO,NO,NO,YES,NO,Some,TRUE,90 min.,Denisse
The Townhouse Cafe,"1669 Lexington Ave, New York, NY 10029",10029,Manhattan,40.795363,-73.951933,"The Townhouse Cafe offers a uniquely residential, cozy charm that makes visitors feel right at home the moment they step inside. The intimate layout features comfortable seating areas and a relaxed pace that helps melt away workday stress. It is a wonderful hideaway for reading, light administrative work, or a quiet conversation.",FALSE,YES,YES,YES,YES,YES,Many,FALSE,NO,Denisse
As you like,"428 Humboldt St, Brooklyn, NY 11211",11211,Brooklyn,40.71325,-73.962033,"WPA2-Personal key confirmed, more hidden cozy and lowkey cafe but features awesome ceramics and merch, fun drink options and yummy onigiris/japanese egg sandwich. Primary seating is a big table and two corners for seating, best for getting work done for a short amount of time to avoid overcrowding but great for getting work done when not busy, very calm and friendly vibes. Even hosts workshops you can find more info on, online. Fair amount of outlets throughout seating. Only downfall is no restroom, otherwise fun chill sppace.",FALSE,YES,YES,YES,YES,NO,Few,FALSE,NO,Denisse
BKLYN BLEND,"601 Livonia Ave, Brooklyn, NY 11207",11207,Brooklyn,40.679462,-73.909883,"Described to be cozy and inviting, community oriented, known to be a cozy space but has great holistic food/drink options and everything you'd need to get work done, hidden gem for a quick hideaway, not too much walking room but more of a cozier smaller vibe.",FALSE,YES,YES,YES,YES,YES,Many,FALSE,NO,Troy (Outsider)
Botani Cafe,"173 Lewis Ave, Brooklyn, NY 11221",11221,Brooklyn,40.694175,-73.931967,"Minimalist and clean approach cafe that additionally sellfs merch and coffee beans by Deviocion, tons of natural sunlight but outlets are minimum and scattered.",FALSE,YES,YES,YES,,YES,Some,FALSE,NO,Denisse
Brooklyn Kolache,"520 DeKalb Ave, Brooklyn, NY 11205",11205,Brooklyn,40.696463,-73.9742,"Brooklyn Kolache brings a unique twist to the local cafe scene by pairing specialty coffee with traditional, freshly baked sweet and savory Czech kolaches. The warm, inviting space features cozy seating areas that are great for settling in with a laptop or a book. It offers a deliciously distinct flavor experience alongside a friendly neighborhood ambiance.",FALSE,,,,,,,,,
Burly Coffee,"847 Atlantic Ave, Brooklyn, NY 11238",11238,Brooklyn,40.6759,-73.97665,"Burly Coffee is a small, minimalist neighborhood spot with cute basic decor and a relaxed environment that is famously dog-friendly. It serves up tasty breakfast tacos alongside delicious coffee. Visitors can also enjoy a fun touch with their signature cute crossword puzzles.",FALSE,YES,YES,YES,NO,YES,Some,TRUE,Purchase for every 90 mins,Sayraliz
Connecticut Muffin,"1106 Cortelyou Rd, Brooklyn, NY 11218",11218,Brooklyn,40.6481,-73.983967,"Supportive of small businesses (hung up flyer and business cards) and artists (displays artwork around the cafe), must buy item to use bathroom and wifi though and wifi is open and unsecured but no password",FALSE,NO,YES,YES,YES,YES,Ample,FALSE,YES,Denisse
Covert BK,"3 Covert St, Brooklyn, NY 11207",11207,Brooklyn,40.679725,-73.909483,"Covert BK features a friendly, bubbly community with high energy and good vibes for productivity, alongside its fair share of quieter days as a true hidden gem. It is a fantastic neighborhood spot that is particularly well-known for its exceptionally delicious pork, egg, and cheese sandwich, which makes the trip entirely worth it.",FALSE,YES,YES,YES,NO,YES,Many,FALSE,NO,Denisse
Cup Of Brooklyn,"1071 Gates Ave, Brooklyn, NY 11221",11221,Brooklyn,40.697875,-73.931267,"Cup Of Brooklyn is a cozy, tiny cafe that offers great welcoming vibes and a well-lit, rustic clean wood aesthetic. It features fresh bagels, delicious pastries, and standout drinks like their Nutella latte. It provides a charming and comfortable setting that is ideal for either getting some focused work done or socializing with others.",FALSE,YES,YES,YES,YES,YES,Many,FALSE,NO,Denisse
Fontainhas,"28 Jay St, Brooklyn, NY 11201",11201,Brooklyn,40.690288,-73.99755,"Sweet and welcoming employees, kind about laptops restrictions must be at the bar especially when it gets busy, interesting backstory, emphasises connection with each other as humans, stays open late until 10/10:30, great food and coffee",FALSE,YES,NO,YES,YES,YES,Ample,FALSE,Designated laptop spots,Denisse
HEADREST COFFEE,"262 Irving Ave, Brooklyn, NY 11237",11237,Brooklyn,40.701975,-73.9303,"HEADREST COFFEE is a limited but cozy, plant-filled spot with eccentric, welcoming employees and a fun selection of merch, stickers, and coffee accessories. While seating and accessible outlets are limited, it features popular sandwiches and a unique menu that make it well worth a quick stop. It is a fantastic destination for a short productivity session and a tasty bite.",FALSE,YES,YES,YES,YES,NO,Few,FALSE,NO,Denisse
Here Bk,"26 Bushwick Ave, Brooklyn, NY 11211",11211,Brooklyn,40.709713,-73.96165,"Here Bk is a laid-back, modern cafe and bar that features a quiet corner atmosphere, good natural sunlight, and primarily booth seating with window-close outlets. Known for hosting local events and supporting entrepreneurs with community flyers, it offers common pastries and premade sandwiches alongside its own custom merch. It is an ideal spot to transition from a focused workday into a relaxing alcoholic drink to wind down.",FALSE,YES,YES,YES,YES,YES,Ample,FALSE,NO,Denisse
High & Dry Coffee Bar,"899 Broadway, Brooklyn, NY 11206",11206,Brooklyn,40.699262,-73.948933,"High & Dry Coffee Bar is a sleek, no-fuss destination centered entirely around top-tier brewing craftsmanship. The minimalist aesthetic keeps distractions low, making it a peaceful environment to lock in and get deep work done. Known for its expertly crafted espresso and clean layout, it's a hidden gem for productivity purists.",FALSE,YES,NO,YES,NO,YES,Some,TRUE,As long as purchases continue every few hours.,Denisse
Kofee,"711 Fulton St, Brooklyn, NY 11217",11217,Brooklyn,40.685,-73.987667,"Koffee (Brooklyn) is an amazing local small business featuring strong, tasty drinks and great food in a work-friendly atmosphere. It offers a cozy, highly welcoming environment with varied seating, including front booth options. The Brooklyn location charms with its intimate setup, while its sister spot in the Bronx offers even more room to settle in.",FALSE,YES,YES,YES,YES,YES,Some,FALSE,NO,Sayraliz
Lakou Cafe,"195 Utica Ave, Brooklyn, NY 11213",11213,Brooklyn,40.675463,-73.941917,"Lakou Cafe is a culture-deep Brooklyn spot that blends Haitian heritage with modern vibes, offering smooth coffee, smoothies, and delicious food. Founded by Cassandre Davilmar, it serves as a healthy-minded community space with great seating and outlets that transitions into chill vibes after work hours. It proudly stands as a Black-owned, women-owned, and Latino-owned neighborhood gem.",FALSE,YES,YES,YES,YES,YES,Many,TRUE,Buy additional items if staying 1hr+,Christopher
Nook,"45 Irving Ave, Brooklyn, NY 11237",11237,Brooklyn,40.701763,-73.92985,"Nook fosters a strong community vibe with evening events on select days, a productive atmosphere, and big spacious windows that invite plenty of natural sunlight. It features yummy, filling sandwiches alongside board games and a fun social environment that draws a lively crowd. Because of its popularity, it fills up quickly, making it a great spot to arrive early for a productive work session.",FALSE,YES,NO,YES,YES,YES,Many,FALSE,NO,Denisse
Postmark Cafe,"326 6th St, Brooklyn, NY 11215",11215,Brooklyn,40.658288,-73.9923,"Postmark Cafe is a beloved, community-driven small business featuring an active community board and a small outdoor box for food donations. It offers both indoor and outdoor seating options alongside basic drinks and pastries, complete with charming pink accents and signature pink lids. With a kid-friendly space, it serves as a warm and welcoming local neighborhood hub.",FALSE,YES,YES,YES,YES,NO,Many,FALSE,NO,Sayraliz
Swallow Cafe,"156 Atlantic Ave, Brooklyn, NY 11201",11201,Brooklyn,40.6782,-73.9442,"Swallow Cafe is a cozy cafe with a small upstairs area overlooking the cafe inside, hidden gem in Brooklyn known for it's often quiet atmosphere, more social on the weekends but overall a great place to visit with a rustic aesthetic to get work done, good food and wifi, note laptop designated areas.",FALSE,YES,NO,YES,YES,YES,Many,TRUE,Designated laptop spots,Denisse
Sweet Sundays Cafe,"2916 Beverley Rd, Brooklyn, NY 11226",11226,Brooklyn,40.652875,-73.963933,"Sweet Sundays Cafe captures a relaxed, weekend-morning energy every single day of the week. With bright lighting, cheerful decor, and comfortable seating, it provides an uplifting environment for catching up on tasks. Their menu features comforting specialty lattes and a wonderful assortment of sweet treats.",FALSE,,,,,,,,,
TOLK,"286 Stanhope St, Brooklyn, NY 11237",11237,Brooklyn,40.703612,-73.930333,"TOLK is an expansive, open-space venue that doubles as a regularly rotating art gallery, featuring plenty of walking room and a cozy couch. It offers simple pastries alongside standout specialty drinks that blend everyday coffee orders with wellness benefits. With outlets everywhere and complimentary dog treats, it is a uniquely convenient spot for remote work.",FALSE,YES,YES,YES,NO,YES,Few,FALSE,NO,Denisse
The Concrete Jungle,"13 Jefferson St, Brooklyn, NY 11206",11206,Brooklyn,40.70425,-73.949067,The Concrete Jungle embraces its iconic city namesake with an urban-chic interior and an energetic neighborhood vibe. It serves up robust coffee selections and satisfying bites in a space designed for modern creatives and remote professionals. The lively environment provides a great backdrop for hustle and socialization alike.,FALSE,YES,YES,YES,NO,YES,Ample,FALSE,NO,Denisse
Victorian Cafe,"1029 Cortelyou Rd, Brooklyn, NY 11218",11218,Brooklyn,40.644337,-73.9844,"Victorian Cafe offers a friendly, welcoming environment with additional seating tucked away in the back and a good amount of outlets available. The spot serves great coffee and food, highlighted by unique specialty drinks like their pistachio latte and delicious almond lemon cake. It provides a comfortable, inviting atmosphere for anyone looking to enjoy a tasty treat while getting settled in.",FALSE,YES,NO,YES,YES,YES,Ample,FALSE,NO,Denisse
Artpresso Cafe Corp,"29-09 39th Ave, Queens, NY 11101",11101,Queens,40.751663,-73.95605,,FALSE,,,,,,,FALSE,,
Aubergine Cafe,"49-22 Skillman Ave, Woodside, NY 11377",11377,Queens,40.748012,-73.913733,,FALSE,,,,,,,FALSE,,
Avenue Coffee House,"4501 Greenpoint Ave, Sunnyside, NY 11104",11104,Queens,40.744875,-73.929083,,FALSE,,,,,,,FALSE,,
Beanstalk Cafe,"13-33 Jackson Ave, Long Island City, NY 11101",11101,Queens,40.748762,-73.955417,"Beanstalk Cafe is a charming neighborhood nook that offers a cozy, leafy retreat from the busy city streets. The intimate interior provides a quiet atmosphere where remote workers can focus easily without excessive distractions. It's a delightful, understated spot for quality coffee and productivity.",FALSE,YES,YES,YES,YES,NO,Some,FALSE,NO,Denisse
Busy Bee Coffee,"35-20 Leavitt St, Flushing, NY 11354",11354,Queens,40.772412,-73.840583,"Busy Bee Coffee lives up to its name by offering an energetic, bustling environment that keeps productivity flowing. The cheerful interior is well-suited for fast-paced remote work sessions or quick morning pit stops. With a menu full of revitalizing espresso drinks and quick bites, it keeps momentum high.",FALSE,YES,YES,YES,YES,YES,Ample,FALSE,NO,Denisse
Chakra Cafe,"44-01 Queens Blvd, Sunnyside, NY 11104",11104,Queens,40.740737,-73.929517,,FALSE,,,,,,,FALSE,,
Coffee Pro,"23-33 Astoria Blvd, Long Island City, NY 11102",11102,Queens,40.769112,-73.938883,,FALSE,,,,,,,FALSE,,
Florist Bar Co,"135-18 Northern Blvd, Flushing, NY 11354",11354,Queens,40.761463,-73.840533,"Florist Bar Co. is one of the most unique cafes to have scouted, hidden away in flushing with a projector screen often showing animal crossing or fun displays, tons of comfortable seats and outlets spread out throughout the cafe, not too much walking space but tons of seats, beautiful flowers and fun drinks. Only downside is WiFi has a limit of 2 hours with each purchase to help upkeep their business tucked away here in Flushing but is an easy fix.",FALSE,YES,YES,YES,YES,YES,Ample,TRUE,No After 7PM,Denisse
Florist Bar Co.,"135-18 Northern Blvd, Flushing, NY 11354",11354,Queens,40.7282,-73.7949,,FALSE,,,,,,,FALSE,,
Full Moon Cafe,"42-14 Greenpoint Ave, Sunnyside, NY 11104",11104,Queens,40.7495,-73.9296,Full Moon Cafe is a cozy neighborhood spot that charms locals with its unpretentious atmosphere and friendly service. The relaxed environment offers a comfortable backdrop for tackling daily tasks without the rush of corporate coffee chains. Patrons can enjoy reliable brews and classic cafe bites in a laid-back setting.,FALSE,YES,YES,YES,YES,YES,Ample,FALSE,NO,Sayraliz
Good Days Cafe,"68-01 Fresh Pond Rd, Flushing, NY 11385",11385,Queens,40.708625,-73.917617,"Good Days Cafe radiates positivity with its bright decor, uplifting playlist, and welcoming neighborhood energy. The thoughtfully curated interior features comfortable corners that invite guests to settle in for a productive afternoon. It's a delightful spot designed to turn any routine workday around.",FALSE,YES,YES,YES,YES,NO,Ample,FALSE,NO,Denisse
Olive Coffee,"30-04 30th St, Astoria, NY 11102",11102,Queens,40.768525,-73.938467,"Gold Coffee is a sleek and inviting neighborhood spot that delivers high-quality brews in a polished setting. It features a clean, minimalist aesthetic with comfortable seating areas tailored for focused laptop sessions. Friendly baristas and a steady stream of delicious espresso drinks make it a reliable daytime workspace.",FALSE,YES,YES,YES,NO,YES,Some,TRUE,YES,Denisse
Omonia Cafe,"32-20 Broadway, Astoria, NY 11106",11106,Queens,40.761025,-73.937667,,FALSE,,,,,,,FALSE,,
Parva Bakeshop And Cafe,"8201 Northern Blvd, Jackson Heights, NY 11372",11372,Queens,40.747837,-73.891683,,FALSE,,,,,,,FALSE,,
Pueblo Querido Coffee Roasters Café de Colombia,29-27 Queens Plaza North,,Queens,40.7499771,-73.9362921,"Good amount of open floor, a bit hidden to find at first. Columbian based small business, beautiful artwork with windows overlooking the subway. Must ask for wifi as there are multiple but tons of seating, note visible ventailiators and air conditioning above on ceiling",FALSE,YES,YES,YES,YES,YES,Ample,FALSE,NO,Denisse
Stepping Stone Cafe,"2-05 Malt Dr, Long Island City, NY 11101",11101,Queens,40.746313,-73.95525,"Stepping Stone Cafe acts as the perfect launching pad for your workday, offering a friendly and unpretentious environment. The cozy layout features dependable seating and a welcoming neighborhood crowd that makes it easy to settle in. Enjoy a solid cup of coffee and a pastry while knocking out your to-do list.",FALSE,YES,NO,YES,YES,YES,Many,FALSE,NO,Denisse
The Local Bar & Cafe,"13-02 44th Ave, Long Island City, NY 11101",11101,Queens,40.744687,-73.955717,"A great hangout cafe/bar to get work done and/or socialize, closes for the night for hotel members only later in the evening.",FALSE,YES,YES,YES,NO,YES,Ample,TRUE,Before evening,Denisse
Zaruma Gold Coffee,"11-18 46th Rd, Long Island City, NY 11101",11101,Queens,40.744,-73.95565,"Zaruma Gold Coffee delivers authentic Ecuadorian flavor straight to the neighborhood with its premium-sourced coffee beans and rich heritage. The welcoming space features a clean, comfortable layout that accommodates both remote workers and casual visitors. It's a hidden gem for discovering exceptional brews in a relaxed setting.",FALSE,YES,YES,YES,YES,YES,Ample,FALSE,NO,Denisse
